"zcta","county","city","state"
"51663","11019","Everwood Springs","PA"
"57870","11159",NA,"PA"
"02986","11684","Liberty Meadows","PA"
"29925","11494",NA,"PA"
"95246","11121",NA,"PA"
"68293","11621","Silverstone Ridge","PA"
"62555","11966",NA,"PA"
"45404","11154",NA,"PA"
"65161","11669","Silverstone Ridge","PA"
"46435","11295","Fox Hollow","PA"
"09642","11917",NA,"PA"
"59134","11697",NA,"PA"
"52132","11763",NA,"PA"
"96849","11373","Everwood Springs","PA"
"14183","11004",NA,"PA"
"15180","11522",NA,"PA"
"27168","11720",NA,"PA"
"89709","11951","Silverstone Ridge","PA"
"09097","11720",NA,"PA"
"30538","11035",NA,"PA"
"56219","11115",NA,"PA"
"94517","11883",NA,"PA"
"07989","11935",NA,"PA"
"13536","11542","Fox Hollow","PA"
"90077","11789","Liberty Meadows","PA"
"06216","11475",NA,"PA"
"83519","11550",NA,"PA"
"29394","11125",NA,"PA"
"53241","11765",NA,"PA"
"28825","11751",NA,"PA"
"00041","11386","Liberty Meadows","PA"
"14426","11046",NA,"PA"
"72820","11548","Coppermill Valley","PA"
"51656","11950","Fox Hollow","PA"
"94038","11266","Everwood Springs","PA"
"58527","11805","Silverstone Ridge","PA"
"77009","11684",NA,"PA"
"43042","11708","Coppermill Valley","PA"
"77837","11867","Silverstone Ridge","PA"
"06134","11647",NA,"PA"
"33523","11523",NA,"PA"
"21812","11630","Everwood Springs","PA"
"39895","11239",NA,"PA"
"09640","11898",NA,"PA"
"85278","11873",NA,"PA"
"09326","11781","Fox Hollow","PA"
"26510","11928",NA,"PA"
"20960","11907",NA,"PA"
"14403","11855","Silverstone Ridge","PA"
"64502","11296",NA,"PA"
"71503","11424",NA,"PA"
"45221","11379",NA,"PA"
"94335","11006","Fox Hollow","PA"
"92372","11517","Silverstone Ridge","PA"
"77585","11925",NA,"PA"
"80686","11489","Liberty Meadows","PA"
"70563","11489","Liberty Meadows","PA"
"32606","11357","Liberty Meadows","PA"
"16152","11176",NA,"PA"
"25559","11188",NA,"PA"
"14215","11705",NA,"PA"
"14287","11266","Liberty Meadows","PA"
"23194","11642","Everwood Springs","PA"
"90094","11355","Silverstone Ridge","PA"
"34976","11365",NA,"PA"
"14491","11959",NA,"PA"
"82949","11743",NA,"PA"
"77584","11461","Silverstone Ridge","PA"
"40503","11886",NA,"PA"
"34724","11220","Liberty Meadows","PA"
"86013","11399","Fox Hollow","PA"
"17369","11710","Coppermill Valley","PA"
"31542","11061","Liberty Meadows","PA"
"59106","11783","Coppermill Valley","PA"
"86605","11482","Silverstone Ridge","PA"
"40632","11945","Liberty Meadows","PA"
"96111","11419","Silverstone Ridge","PA"
"43204","11697","Everwood Springs","PA"
"37544","11818",NA,"PA"
"99289","11586","Liberty Meadows","PA"
"84427","11716","Liberty Meadows","PA"
"76820","11136",NA,"PA"
"82115","11136",NA,"PA"
"44196","11617","Fox Hollow","PA"
"92337","11132","Silverstone Ridge","PA"
"44983","11116","Liberty Meadows","PA"
"91438","11783",NA,"PA"
"36717","11849","Silverstone Ridge","PA"
"28078","11731","Fox Hollow","PA"
"69369","11674","Coppermill Valley","PA"
"91564","11155",NA,"PA"
"43406","11455","Fox Hollow","PA"
"41488","11475","Liberty Meadows","PA"
"47485","11525","Coppermill Valley","PA"
"63528","11392","Fox Hollow","PA"
"14536","11537","Silverstone Ridge","PA"
"83069","11960",NA,"PA"
"51465","11693",NA,"PA"
"26503","11896",NA,"PA"
"88299","11181",NA,"PA"
"32953","11118","Coppermill Valley","PA"
"00413","11282","Silverstone Ridge","PA"
"10762","11465","Liberty Meadows","PA"
"48182","11396",NA,"PA"
"30571","11813","Everwood Springs","PA"
"42521","11400",NA,"PA"
"74522","11138",NA,"PA"
"14745","11773","Liberty Meadows","PA"
"25946","11431","Silverstone Ridge","PA"
"80340","11262","Liberty Meadows","PA"
"43928","11661",NA,"PA"
"06601","11081",NA,"PA"
"57701","11282","Liberty Meadows","PA"
"53518","11357","Fox Hollow","PA"
"72326","11875","Fox Hollow","PA"
"52353","11351",NA,"PA"
"66154","11752",NA,"PA"
"47802","11844","Liberty Meadows","PA"
"31517","11989",NA,"PA"
"66075","11811",NA,"PA"
"32263","11280",NA,"PA"
"95989","11712",NA,"PA"
"69161","11577",NA,"PA"
"81118","11983",NA,"PA"
"56157","11931","Coppermill Valley","PA"
"19392","11318",NA,"PA"
"46137","11074",NA,"PA"
"67747","11156","Silverstone Ridge","PA"
"02286","11052",NA,"PA"
"59970","11151","Silverstone Ridge","PA"
"84298","11271","Everwood Springs","PA"
"54661","11167",NA,"PA"
"32281","11733",NA,"PA"
"64085","11823",NA,"PA"
"07826","11598","Liberty Meadows","PA"
"80287","11889",NA,"PA"
"89799","11912","Fox Hollow","PA"
"25449","11863","Coppermill Valley","PA"
"63405","11716",NA,"PA"
"76223","11788","Liberty Meadows","PA"
"64616","11585","Everwood Springs","PA"
"27455","11668",NA,"PA"
"54740","11771",NA,"PA"
"78173","11883",NA,"PA"
"20193","11301",NA,"PA"
"66701","11829","Liberty Meadows","PA"
"97201","11441",NA,"PA"
"22467","11572","Fox Hollow","PA"
"95362","11753","Silverstone Ridge","PA"
"63167","11251","Silverstone Ridge","PA"
"79225","11964","Silverstone Ridge","PA"
"63658","11714",NA,"PA"
"49862","11970","Fox Hollow","PA"
"84032","11773",NA,"PA"
"79331","11971","Coppermill Valley","PA"
"84955","11524",NA,"PA"
"51491","11133","Fox Hollow","PA"
"15703","11856","Silverstone Ridge","PA"
"06623","11062",NA,"PA"
"08983","11580","Liberty Meadows","PA"
"37769","11636","Fox Hollow","PA"
"29479","11354","Everwood Springs","PA"
"70943","11608","Everwood Springs","PA"
"98170","11193","Silverstone Ridge","PA"
"78121","11595",NA,"PA"
"86621","11907",NA,"PA"
"01835","11551",NA,"PA"
"42221","11029",NA,"PA"
"21099","11475","Fox Hollow","PA"
"41043","11472",NA,"PA"
"90978","11005","Fox Hollow","PA"
"56529","11962","Liberty Meadows","PA"
"36940","11425","Silverstone Ridge","PA"
"97455","11538","Fox Hollow","PA"
"76099","11284","Coppermill Valley","PA"
"38265","11815","Coppermill Valley","PA"
"76384","11582",NA,"PA"
"46438","11218","Everwood Springs","PA"
"75176","11220","Coppermill Valley","PA"
"88461","11838","Fox Hollow","PA"
"69350","11887","Silverstone Ridge","PA"
"08176","11251",NA,"PA"
"94119","11004",NA,"PA"
"76369","11192","Fox Hollow","PA"
"17746","11534","Coppermill Valley","PA"
"53873","11847",NA,"PA"
"29133","11774","Fox Hollow","PA"
"00031","11891","Coppermill Valley","PA"
"07588","11057","Liberty Meadows","PA"
"04620","11579","Liberty Meadows","PA"
"45980","11725","Everwood Springs","PA"
"68783","11381","Liberty Meadows","PA"
"51573","11586",NA,"PA"
"89552","11613",NA,"PA"
"70778","11217",NA,"PA"
"11667","11102","Fox Hollow","PA"
"33027","11092",NA,"PA"
"87905","11833","Coppermill Valley","PA"
"70945","11163","Everwood Springs","PA"
"91467","11808",NA,"PA"
"76792","11002","Everwood Springs","PA"
"89436","11686",NA,"PA"
"02450","11275","Silverstone Ridge","PA"
"44500","11858","Coppermill Valley","PA"
"01673","11289",NA,"PA"
"19851","11087","Liberty Meadows","PA"
"48434","11899","Everwood Springs","PA"
"83529","11677",NA,"PA"
"06007","11192","Liberty Meadows","PA"
"83680","11728","Silverstone Ridge","PA"
"55992","11829",NA,"PA"
"90779","11827","Coppermill Valley","PA"
"78967","11320","Liberty Meadows","PA"
"66596","11224","Liberty Meadows","PA"
"60906","11781",NA,"PA"
"78715","11585","Silverstone Ridge","PA"
"93289","11768",NA,"PA"
"46468","11785","Coppermill Valley","PA"
"01204","11974",NA,"PA"
"97653","11497","Fox Hollow","PA"
"53272","11369","Silverstone Ridge","PA"
"24111","11863","Liberty Meadows","PA"
"75455","11253",NA,"PA"
"43694","11949","Fox Hollow","PA"
"03984","11520",NA,"PA"
"07880","11677","Silverstone Ridge","PA"
"57722","11780","Silverstone Ridge","PA"
"22119","11340",NA,"PA"
"67632","11773","Fox Hollow","PA"
"86409","11504",NA,"PA"
"52523","11569",NA,"PA"
"53918","11818","Everwood Springs","PA"
"24522","11744",NA,"PA"
"06333","11179","Silverstone Ridge","PA"
"68430","11675",NA,"PA"
"90232","11133","Silverstone Ridge","PA"
"89419","11456",NA,"PA"
"55737","11108","Fox Hollow","PA"
"19955","11037",NA,"PA"
"55368","11695",NA,"PA"
"47818","11666","Liberty Meadows","PA"
"14417","11828","Coppermill Valley","PA"
"49286","11473","Fox Hollow","PA"
"92916","11367",NA,"PA"
"25244","11184","Coppermill Valley","PA"
"05596","11470","Everwood Springs","PA"
"40276","11543","Coppermill Valley","PA"
"60101","11374","Silverstone Ridge","PA"
"37167","11820","Fox Hollow","PA"
"69232","11905","Silverstone Ridge","PA"
"22974","11777","Silverstone Ridge","PA"
"52851","11693",NA,"PA"
"04913","11785",NA,"PA"
"10301","11361",NA,"PA"
"76908","11362","Everwood Springs","PA"
"99701","11920","Coppermill Valley","PA"
"18547","11357",NA,"PA"
"78774","11319",NA,"PA"
"29370","11957","Coppermill Valley","PA"
"46843","11459",NA,"PA"
"58102","11608","Silverstone Ridge","PA"
"36086","11976","Liberty Meadows","PA"
"76723","11750","Fox Hollow","PA"
"82171","11155","Everwood Springs","PA"
"09182","11284",NA,"PA"
"71848","11633",NA,"PA"
"88852","11223",NA,"PA"
"82585","11782","Coppermill Valley","PA"
"56519","11141","Fox Hollow","PA"
"24671","11815",NA,"PA"
"93648","11782",NA,"PA"
"34134","11231","Coppermill Valley","PA"
"47800","11223","Everwood Springs","PA"
"25196","11202","Everwood Springs","PA"
"65778","11349","Silverstone Ridge","PA"
"07071","11988",NA,"PA"
"40160","11521",NA,"PA"
"01498","11717",NA,"PA"
"57337","11590","Coppermill Valley","PA"
"60587","11816",NA,"PA"
"20698","11069","Everwood Springs","PA"
"65615","11602","Silverstone Ridge","PA"
"09723","11205","Coppermill Valley","PA"
"34599","11846",NA,"PA"
"04518","11456","Coppermill Valley","PA"
"62170","11583",NA,"PA"
"81882","11995",NA,"PA"
"04695","11827","Silverstone Ridge","PA"
"32102","11832","Coppermill Valley","PA"
"78889","11557","Fox Hollow","PA"
"81025","11825",NA,"PA"
"97142","11558",NA,"PA"
"74984","11589",NA,"PA"
"92556","11638","Everwood Springs","PA"
"53289","11953",NA,"PA"
"16436","11629","Coppermill Valley","PA"
"26691","11941","Liberty Meadows","PA"
"53705","11494","Everwood Springs","PA"
"42887","11978","Everwood Springs","PA"
"30237","11404",NA,"PA"
"66766","11992",NA,"PA"
"35556","11116",NA,"PA"
"32076","11171",NA,"PA"
"26715","11968",NA,"PA"
"18388","11879","Silverstone Ridge","PA"
"82526","11904","Fox Hollow","PA"
"23977","11143","Liberty Meadows","PA"
"68616","11353",NA,"PA"
"63481","11277",NA,"PA"
"31315","11178",NA,"PA"
"43755","11361",NA,"PA"
"45555","11748",NA,"PA"
"57943","11849","Fox Hollow","PA"
"74659","11493",NA,"PA"
"73799","11880",NA,"PA"
"20400","11698",NA,"PA"
"04972","11573","Coppermill Valley","PA"
"69045","11545",NA,"PA"
"37492","11317","Coppermill Valley","PA"
"06373","11757","Silverstone Ridge","PA"
"73396","11919","Silverstone Ridge","PA"
"82756","11454",NA,"PA"
"00602","11337","Fox Hollow","PA"
"74059","11284",NA,"PA"
"47606","11102",NA,"PA"
"28577","11132","Everwood Springs","PA"
"07877","11266",NA,"PA"
"58263","11925",NA,"PA"
"02777","11175",NA,"PA"
"30712","11471",NA,"PA"
"17749","11514","Liberty Meadows","PA"
"07488","11732","Silverstone Ridge","PA"
"76662","11903",NA,"PA"
"45430","11850","Everwood Springs","PA"
"09739","11041","Everwood Springs","PA"
"61775","11001",NA,"PA"
"19512","11267","Silverstone Ridge","PA"
"80143","11456",NA,"PA"
"49588","11370",NA,"PA"
"49753","11526","Silverstone Ridge","PA"
"90499","11008","Everwood Springs","PA"
"52292","11264","Silverstone Ridge","PA"
"38245","11711",NA,"PA"
"99046","11191",NA,"PA"
"04682","11063",NA,"PA"
"68957","11690","Silverstone Ridge","PA"
"37765","11904","Fox Hollow","PA"
"34827","11329",NA,"PA"
"86479","11166",NA,"PA"
"02748","11317","Silverstone Ridge","PA"
"56138","11944",NA,"PA"
"44859","11699","Fox Hollow","PA"
"51442","11362","Liberty Meadows","PA"
"78912","11549",NA,"PA"
"75936","11056",NA,"PA"
"57223","11381","Silverstone Ridge","PA"
"67089","11052","Liberty Meadows","PA"
"97664","11073","Everwood Springs","PA"
"27365","11128",NA,"PA"
"76141","11131","Coppermill Valley","PA"
"87938","11034",NA,"PA"
"19927","11099",NA,"PA"
"10216","11769","Everwood Springs","PA"
"02882","11635","Fox Hollow","PA"
"04015","11936","Liberty Meadows","PA"
"27913","11442",NA,"PA"
"29465","11131","Liberty Meadows","PA"
"09174","11096",NA,"PA"
"07657","11774","Liberty Meadows","PA"
"31351","11104",NA,"PA"
"68553","11719","Fox Hollow","PA"
"83192","11849","Fox Hollow","PA"
"42155","11991",NA,"PA"
"65995","11020","Coppermill Valley","PA"
"92999","11915","Silverstone Ridge","PA"
"10044","11146",NA,"PA"
"93926","11099","Liberty Meadows","PA"
"14666","11375","Silverstone Ridge","PA"
"26226","11912","Coppermill Valley","PA"
"54371","11861","Coppermill Valley","PA"
"91194","11651","Fox Hollow","PA"
"72668","11581","Fox Hollow","PA"
"38920","11204","Liberty Meadows","PA"
"96855","11835","Silverstone Ridge","PA"
"19360","11806","Silverstone Ridge","PA"
"94407","11292",NA,"PA"
"22344","11862","Coppermill Valley","PA"
"98763","11796",NA,"PA"
"42039","11311",NA,"PA"
"83836","11445",NA,"PA"
"51953","11021","Silverstone Ridge","PA"
"91407","11096",NA,"PA"
"86414","11127","Silverstone Ridge","PA"
"95387","11138",NA,"PA"
"36385","11788","Silverstone Ridge","PA"
"74075","11169","Everwood Springs","PA"
"36671","11303",NA,"PA"
"29343","11874",NA,"PA"
"47159","11542","Silverstone Ridge","PA"
"34162","11178",NA,"PA"
"70508","11331","Liberty Meadows","PA"
"66396","11284",NA,"PA"
"65053","11082",NA,"PA"
"83653","11763",NA,"PA"
"81490","11194",NA,"PA"
"76877","11021",NA,"PA"
"24243","11741",NA,"PA"
"74441","11613",NA,"PA"
"36829","11244","Liberty Meadows","PA"
"41218","11954",NA,"PA"
"67499","11695",NA,"PA"
"23294","11147",NA,"PA"
"76805","11911","Silverstone Ridge","PA"
"27103","11220",NA,"PA"
"83355","11088",NA,"PA"
"01923","11226","Silverstone Ridge","PA"
"31466","11170",NA,"PA"
"05178","11309",NA,"PA"
"08482","11724",NA,"PA"
"49618","11998",NA,"PA"
"78638","11247",NA,"PA"
"47695","11837","Silverstone Ridge","PA"
"48775","11146","Silverstone Ridge","PA"
"61449","11731",NA,"PA"
"43289","11809","Fox Hollow","PA"
"91176","11735",NA,"PA"
"81547","11587","Silverstone Ridge","PA"
"12636","11861","Liberty Meadows","PA"
"20547","11065",NA,"PA"
"69340","11007","Liberty Meadows","PA"
"37247","11046","Liberty Meadows","PA"
"37015","11488",NA,"PA"
"53719","11163","Liberty Meadows","PA"
"37208","11497",NA,"PA"
"18876","11013","Fox Hollow","PA"
"17017","11336","Silverstone Ridge","PA"
"26566","11380","Silverstone Ridge","PA"
"62506","11284","Liberty Meadows","PA"
"92120","11865","Everwood Springs","PA"
"74640","11997","Everwood Springs","PA"
"39264","11881",NA,"PA"
"60225","11264","Silverstone Ridge","PA"
"89914","11763",NA,"PA"
"55992","11051",NA,"PA"
"13763","11068",NA,"PA"
"79126","11620",NA,"PA"
"15828","11811",NA,"PA"
"04750","11696",NA,"PA"
"18807","11267","Silverstone Ridge","PA"
"91870","11010",NA,"PA"
"91570","11455","Coppermill Valley","PA"
"41609","11597",NA,"PA"
"13797","11881",NA,"PA"
"56767","11960","Coppermill Valley","PA"
"08848","11942","Silverstone Ridge","PA"
"38947","11117","Coppermill Valley","PA"
"50212","11203","Silverstone Ridge","PA"
"12791","11514",NA,"PA"
"07196","11077","Silverstone Ridge","PA"
"25245","11571","Everwood Springs","PA"
"58156","11125","Coppermill Valley","PA"
"64797","11665","Liberty Meadows","PA"
"75869","11663",NA,"PA"
"35533","11276","Coppermill Valley","PA"
"65463","11708",NA,"PA"
"98821","11291","Fox Hollow","PA"
"52572","11714","Liberty Meadows","PA"
"99750","11692",NA,"PA"
"02647","11513","Liberty Meadows","PA"
"80352","11340",NA,"PA"
"34796","11083","Everwood Springs","PA"
"83727","11167","Silverstone Ridge","PA"
"38582","11122",NA,"PA"
"68362","11508","Coppermill Valley","PA"
"85929","11295","Fox Hollow","PA"
"21086","11096","Liberty Meadows","PA"
"94388","11352",NA,"PA"
"18304","11487","Coppermill Valley","PA"
"02761","11063","Everwood Springs","PA"
"47651","11037","Liberty Meadows","PA"
"99007","11426",NA,"PA"
"00076","11059","Everwood Springs","PA"
"56753","11176",NA,"PA"
"16029","11799","Fox Hollow","PA"
"37853","11598","Silverstone Ridge","PA"
"40302","11187",NA,"PA"
"75133","11181",NA,"PA"
"04297","11341",NA,"PA"
"61429","11092","Liberty Meadows","PA"
"63754","11431","Liberty Meadows","PA"
"47529","11654",NA,"PA"
"37106","11762",NA,"PA"
"40838","11345","Everwood Springs","PA"
"91239","11929",NA,"PA"
"55888","11421","Liberty Meadows","PA"
"83618","11140",NA,"PA"
"99285","11596",NA,"PA"
"34490","11455","Everwood Springs","PA"
"55582","11860",NA,"PA"
"19879","11353","Everwood Springs","PA"
"37294","11617","Coppermill Valley","PA"
"31859","11623",NA,"PA"
"74482","11662",NA,"PA"
"06529","11023","Silverstone Ridge","PA"
"89521","11122",NA,"PA"
"15524","11471","Silverstone Ridge","PA"
"07053","11763","Liberty Meadows","PA"
"82255","11215","Everwood Springs","PA"
"02222","11489",NA,"PA"
"87671","11532","Liberty Meadows","PA"
"88940","11364",NA,"PA"
"90727","11522",NA,"PA"
"97700","11707",NA,"PA"
"20995","11393",NA,"PA"
"40459","11283","Silverstone Ridge","PA"
"11166","11843","Fox Hollow","PA"
"35046","11359","Silverstone Ridge","PA"
"95455","11785","Liberty Meadows","PA"
"16322","11836",NA,"PA"
"42611","11763","Everwood Springs","PA"
"39155","11860",NA,"PA"
"65854","11063",NA,"PA"
"01627","11124","Coppermill Valley","PA"
"96703","11223",NA,"PA"
"53391","11673",NA,"PA"
"32035","11555","Silverstone Ridge","PA"
"75938","11481",NA,"PA"
"28613","11862",NA,"PA"
"19586","11023","Fox Hollow","PA"
"11735","11357","Everwood Springs","PA"
"77589","11977",NA,"PA"
"53971","11296","Liberty Meadows","PA"
"40133","11785","Silverstone Ridge","PA"
"23248","11964","Liberty Meadows","PA"
"04968","11087","Liberty Meadows","PA"
"77872","11307","Everwood Springs","PA"
"56986","11535",NA,"PA"
"80931","11860",NA,"PA"
"44447","11528",NA,"PA"
"24728","11894","Everwood Springs","PA"
"52551","11140","Silverstone Ridge","PA"
"30541","11117",NA,"PA"
"15546","11630",NA,"PA"
"80653","11096",NA,"PA"
"98116","11822","Silverstone Ridge","PA"
"49689","11643","Fox Hollow","PA"
"62133","11903",NA,"PA"
"10550","11490",NA,"PA"
"86015","11259",NA,"PA"
"87576","11821",NA,"PA"
"61118","11916",NA,"PA"
"72047","11531","Liberty Meadows","PA"
"28535","11317","Everwood Springs","PA"
"19685","11132","Silverstone Ridge","PA"
"90544","11282","Everwood Springs","PA"
"56471","11392","Fox Hollow","PA"
"99374","11628",NA,"PA"
"40159","11945",NA,"PA"
"32661","11826","Everwood Springs","PA"
"49408","11911","Everwood Springs","PA"
"28999","11729",NA,"PA"
"17711","11713",NA,"PA"
"73171","11013","Silverstone Ridge","PA"
"47505","11117",NA,"PA"
"07789","11491","Liberty Meadows","PA"
"12447","11701",NA,"PA"
"74556","11750","Everwood Springs","PA"
"95877","11229","Liberty Meadows","PA"
"04298","11031",NA,"PA"
"25948","11555","Silverstone Ridge","PA"
"47534","11631","Everwood Springs","PA"
"65505","11895",NA,"PA"
"72884","11517",NA,"PA"
"68703","11024",NA,"PA"
"93017","11598","Coppermill Valley","PA"
"00756","11225",NA,"PA"
"13157","11758",NA,"PA"
"28676","11866","Liberty Meadows","PA"
"64750","11932","Everwood Springs","PA"
"80650","11187","Everwood Springs","PA"
"93955","11934",NA,"PA"
"14600","11325","Liberty Meadows","PA"
"27525","11603","Fox Hollow","PA"
"24934","11317","Coppermill Valley","PA"
"78082","11019",NA,"PA"
"00887","11780",NA,"PA"
"28360","11033","Everwood Springs","PA"
"00914","11458",NA,"PA"
"92958","11031","Fox Hollow","PA"
"14405","11804",NA,"PA"
"45533","11458",NA,"PA"
"92684","11143",NA,"PA"
"81921","11284","Fox Hollow","PA"
"80734","11740","Everwood Springs","PA"
"96754","11730","Liberty Meadows","PA"
"36234","11648","Liberty Meadows","PA"
"83712","11342","Silverstone Ridge","PA"
"93439","11814",NA,"PA"
"63967","11123","Fox Hollow","PA"
"05799","11700","Coppermill Valley","PA"
"91468","11072","Fox Hollow","PA"
"20874","11810",NA,"PA"
"84189","11838","Everwood Springs","PA"
"20474","11708",NA,"PA"
"14478","11811",NA,"PA"
"10943","11592","Silverstone Ridge","PA"
"01789","11103",NA,"PA"
"23506","11703","Liberty Meadows","PA"
"93970","11424","Silverstone Ridge","PA"
"32638","11223",NA,"PA"
"05483","11485",NA,"PA"
"72383","11474","Coppermill Valley","PA"
"41125","11942",NA,"PA"
"91154","11750","Coppermill Valley","PA"
"22849","11276","Fox Hollow","PA"
"58127","11519","Coppermill Valley","PA"
"38854","11713",NA,"PA"
"04961","11724",NA,"PA"
"77224","11949","Fox Hollow","PA"
"84796","11108",NA,"PA"
"73717","11011",NA,"PA"
"03004","11561","Coppermill Valley","PA"
"08390","11514",NA,"PA"
"30774","11253","Everwood Springs","PA"
"47868","11872","Liberty Meadows","PA"
"64790","11029","Liberty Meadows","PA"
"91311","11215","Liberty Meadows","PA"
"88178","11677",NA,"PA"
"15017","11341","Fox Hollow","PA"
"67101","11030",NA,"PA"
"50108","11436","Fox Hollow","PA"
"77784","11134","Everwood Springs","PA"
"33037","11703","Liberty Meadows","PA"
"58460","11311","Silverstone Ridge","PA"
"82412","11992","Everwood Springs","PA"
"52243","11931",NA,"PA"
"54335","11244","Silverstone Ridge","PA"
"61595","11027","Liberty Meadows","PA"
"72070","11462","Liberty Meadows","PA"
"47332","11553",NA,"PA"
"25082","11828","Silverstone Ridge","PA"
"99710","11032",NA,"PA"
"58012","11316",NA,"PA"
"51396","11084","Coppermill Valley","PA"
"02437","11854","Liberty Meadows","PA"
"26219","11004","Silverstone Ridge","PA"
"91129","11615","Everwood Springs","PA"
"18771","11179","Silverstone Ridge","PA"
"43025","11606",NA,"PA"
"41513","11424","Fox Hollow","PA"
"18671","11422",NA,"PA"
"21556","11162","Silverstone Ridge","PA"
"02315","11018","Fox Hollow","PA"
"39113","11598",NA,"PA"
"70995","11359",NA,"PA"
"57334","11291",NA,"PA"
"55241","11798",NA,"PA"
"42775","11515",NA,"PA"
"77841","11237",NA,"PA"
"71112","11840","Everwood Springs","PA"
"40332","11841",NA,"PA"
"04176","11288",NA,"PA"
"57247","11479","Everwood Springs","PA"
"61973","11542","Fox Hollow","PA"
"99134","11153","Coppermill Valley","PA"
"72732","11556","Silverstone Ridge","PA"
"90266","11275",NA,"PA"
"20570","11834","Coppermill Valley","PA"
"51114","11556","Silverstone Ridge","PA"
"78457","11615",NA,"PA"
"29278","11981",NA,"PA"
"39404","11018",NA,"PA"
"53042","11330",NA,"PA"
"00352","11307",NA,"PA"
"65920","11882","Liberty Meadows","PA"
"51260","11624",NA,"PA"
"24163","11047","Coppermill Valley","PA"
"40818","11303","Liberty Meadows","PA"
"32763","11387",NA,"PA"
"91819","11454",NA,"PA"
"61328","11688","Liberty Meadows","PA"
"01191","11183","Everwood Springs","PA"
"98032","11630","Fox Hollow","PA"
"22660","11940","Coppermill Valley","PA"
"59555","11287","Liberty Meadows","PA"
"39396","11687","Everwood Springs","PA"
"95542","11436","Fox Hollow","PA"
"82243","11097","Coppermill Valley","PA"
"30933","11701","Everwood Springs","PA"
"17832","11532","Everwood Springs","PA"
"40197","11838",NA,"PA"
"04588","11435","Coppermill Valley","PA"
"89671","11952","Liberty Meadows","PA"
"02304","11086",NA,"PA"
"21771","11372",NA,"PA"
"33442","11556",NA,"PA"
"68813","11172","Coppermill Valley","PA"
"99515","11570",NA,"PA"
"39150","11930","Everwood Springs","PA"
"45174","11582",NA,"PA"
"30536","11074","Everwood Springs","PA"
"29444","11874",NA,"PA"
"65839","11903",NA,"PA"
"92174","11107",NA,"PA"
"56987","11017","Fox Hollow","PA"
"57777","11296",NA,"PA"
"57766","11693",NA,"PA"
"32817","11165","Everwood Springs","PA"
"79173","11207","Everwood Springs","PA"
"20696","11977",NA,"PA"
"86160","11143",NA,"PA"
"51051","11429","Coppermill Valley","PA"
"31566","11817","Liberty Meadows","PA"
"50878","11337",NA,"PA"
"01003","11149","Fox Hollow","PA"
"80926","11670","Coppermill Valley","PA"
"84909","11164",NA,"PA"
"70212","11382","Everwood Springs","PA"
"37984","11950","Everwood Springs","PA"
"87509","11066","Liberty Meadows","PA"
"56785","11524","Silverstone Ridge","PA"
"14632","11283","Fox Hollow","PA"
"58085","11067",NA,"PA"
"53547","11787",NA,"PA"
"24226","11930","Fox Hollow","PA"
"09008","11536","Silverstone Ridge","PA"
"88320","11164",NA,"PA"
"74884","11411","Liberty Meadows","PA"
"81626","11846","Silverstone Ridge","PA"
"51417","11040","Silverstone Ridge","PA"
"25681","11177","Liberty Meadows","PA"
"39460","11085",NA,"PA"
"64935","11190","Silverstone Ridge","PA"
"48187","11150","Liberty Meadows","PA"
"36573","11994","Silverstone Ridge","PA"
"54047","11629",NA,"PA"
"17955","11727",NA,"PA"
"57137","11664","Liberty Meadows","PA"
"36091","11549",NA,"PA"
"40269","11867",NA,"PA"
"41194","11101","Silverstone Ridge","PA"
"05392","11548","Silverstone Ridge","PA"
"45030","11557",NA,"PA"
"09563","11443",NA,"PA"
"97416","11768","Everwood Springs","PA"
"32710","11630",NA,"PA"
"24790","11432",NA,"PA"
"70405","11845",NA,"PA"
"28650","11644",NA,"PA"
"02473","11191",NA,"PA"
"76085","11528",NA,"PA"
"52818","11234","Coppermill Valley","PA"
"18937","11376",NA,"PA"
"43801","11702","Silverstone Ridge","PA"
"82422","11407","Everwood Springs","PA"
"50036","11288",NA,"PA"
"83098","11791",NA,"PA"
"31072","11249","Liberty Meadows","PA"
"50814","11502",NA,"PA"
"10174","11453","Everwood Springs","PA"
"16021","11757",NA,"PA"
"13939","11755",NA,"PA"
"89105","11588",NA,"PA"
"68446","11481","Liberty Meadows","PA"
"57539","11634",NA,"PA"
"35544","11950","Silverstone Ridge","PA"
"42459","11851",NA,"PA"
"86615","11570","Liberty Meadows","PA"
"12334","11871","Liberty Meadows","PA"
"30092","11763","Everwood Springs","PA"
"13448","11232",NA,"PA"
"09046","11528","Silverstone Ridge","PA"
"95109","11428",NA,"PA"
"81997","11266",NA,"PA"
"10847","11315",NA,"PA"
"75796","11392","Liberty Meadows","PA"
"58552","11319","Coppermill Valley","PA"
"94933","11148","Everwood Springs","PA"
"09471","11530",NA,"PA"
"33714","11500","Liberty Meadows","PA"
"03649","11038",NA,"PA"
"80075","11231","Coppermill Valley","PA"
"17521","11896","Everwood Springs","PA"
"12530","11287","Fox Hollow","PA"
"15886","11290",NA,"PA"
"65768","11117",NA,"PA"
"94245","11945","Fox Hollow","PA"
"12893","11443","Silverstone Ridge","PA"
"81969","11475",NA,"PA"
"37856","11076","Liberty Meadows","PA"
"14610","11333",NA,"PA"
"48268","11028","Liberty Meadows","PA"
"62339","11690","Silverstone Ridge","PA"
"48814","11668","Liberty Meadows","PA"
"76991","11382","Everwood Springs","PA"
"78628","11684",NA,"PA"
"31389","11007",NA,"PA"
"06333","11746","Fox Hollow","PA"
"76202","11231",NA,"PA"
"73910","11605","Silverstone Ridge","PA"
"55791","11586",NA,"PA"
"54816","11840","Silverstone Ridge","PA"
"00674","11460","Liberty Meadows","PA"
"17674","11558","Everwood Springs","PA"
"61189","11032","Fox Hollow","PA"
"59857","11085",NA,"PA"
"26234","11095",NA,"PA"
"25855","11698","Silverstone Ridge","PA"
"68747","11147","Everwood Springs","PA"
"07103","11231","Coppermill Valley","PA"
"86201","11344","Silverstone Ridge","PA"
"85279","11585","Everwood Springs","PA"
"01762","11648",NA,"PA"
"27251","11610","Coppermill Valley","PA"
"69961","11730",NA,"PA"
"88698","11989","Everwood Springs","PA"
"63162","11041","Silverstone Ridge","PA"
"13344","11554","Liberty Meadows","PA"
"83956","11880",NA,"PA"
"97921","11295","Silverstone Ridge","PA"
"79943","11791",NA,"PA"
"01607","11667","Everwood Springs","PA"
"43391","11260","Everwood Springs","PA"
"14303","11290",NA,"PA"
"67147","11922","Coppermill Valley","PA"
"99873","11559",NA,"PA"
"61034","11192",NA,"PA"
"90361","11321","Everwood Springs","PA"
"09813","11711",NA,"PA"
"99314","11657",NA,"PA"
"77391","11127",NA,"PA"
"68807","11223",NA,"PA"
"72042","11427",NA,"PA"
"90928","11420",NA,"PA"
"46339","11228",NA,"PA"
"10557","11166",NA,"PA"
"19807","11852","Fox Hollow","PA"
"91903","11060","Liberty Meadows","PA"
"73691","11017",NA,"PA"
"46129","11704","Fox Hollow","PA"
"65308","11361",NA,"PA"
"28623","11750",NA,"PA"
"94953","11488","Coppermill Valley","PA"
"27955","11494",NA,"PA"
"03302","11059","Everwood Springs","PA"
"55209","11154","Silverstone Ridge","PA"
"51897","11593",NA,"PA"
"96062","11753","Everwood Springs","PA"
"01847","11032",NA,"PA"
"11276","11218","Liberty Meadows","PA"
"60972","11327","Silverstone Ridge","PA"
"08412","11325",NA,"PA"
"46971","11625",NA,"PA"
"66737","11669","Liberty Meadows","PA"
"46355","11344",NA,"PA"
"18535","11896",NA,"PA"
"07111","11277",NA,"PA"
"72300","11560",NA,"PA"
"41939","11341",NA,"PA"
"85560","11421","Coppermill Valley","PA"
"03366","11395",NA,"PA"
"66984","11753",NA,"PA"
"87078","11186",NA,"PA"
"12083","11480","Coppermill Valley","PA"
"56286","11727",NA,"PA"
"42481","11523","Silverstone Ridge","PA"
"96085","11087","Liberty Meadows","PA"
"81623","11484","Silverstone Ridge","PA"
"42868","11150",NA,"PA"
"63521","11092",NA,"PA"
"51186","11498",NA,"PA"
"18970","11785",NA,"PA"
"64687","11335",NA,"PA"
"49957","11546",NA,"PA"
"81019","11097","Coppermill Valley","PA"
"22312","11841","Silverstone Ridge","PA"
"64353","11291",NA,"PA"
"73796","11004","Fox Hollow","PA"
"66844","11246","Fox Hollow","PA"
"82487","11118",NA,"PA"
"20439","11553","Silverstone Ridge","PA"
"67538","11377","Everwood Springs","PA"
"29708","11331","Liberty Meadows","PA"
"03288","11467",NA,"PA"
"98520","11297","Liberty Meadows","PA"
"11159","11938","Silverstone Ridge","PA"
"72778","11272","Fox Hollow","PA"
"27644","11620",NA,"PA"
"81147","11525",NA,"PA"
"57436","11408",NA,"PA"
"40703","11854",NA,"PA"
"12467","11380",NA,"PA"
"86872","11461",NA,"PA"
"65864","11943","Coppermill Valley","PA"
"43474","11759",NA,"PA"
"38461","11772",NA,"PA"
"34622","11712",NA,"PA"
"45776","11894","Everwood Springs","PA"
"15127","11906","Everwood Springs","PA"
"05190","11383","Liberty Meadows","PA"
"13835","11037","Fox Hollow","PA"
"46988","11786","Everwood Springs","PA"
"04798","11078","Everwood Springs","PA"
"60389","11102","Coppermill Valley","PA"
"10247","11761","Silverstone Ridge","PA"
"70345","11150",NA,"PA"
"23948","11861","Everwood Springs","PA"
"95993","11915",NA,"PA"
"53980","11767","Silverstone Ridge","PA"
"47840","11120",NA,"PA"
"04343","11211",NA,"PA"
"81107","11434","Liberty Meadows","PA"
"27682","11806","Silverstone Ridge","PA"
"46776","11168",NA,"PA"
"58700","11135","Liberty Meadows","PA"
"82762","11351",NA,"PA"
"43536","11748","Liberty Meadows","PA"
"26818","11548",NA,"PA"
"30856","11780","Coppermill Valley","PA"
"16225","11625",NA,"PA"
"30552","11138",NA,"PA"
"00528","11744","Coppermill Valley","PA"
"90279","11700",NA,"PA"
"74686","11650",NA,"PA"
"00663","11975",NA,"PA"
"96403","11330","Everwood Springs","PA"
"65228","11605",NA,"PA"
"59056","11331","Coppermill Valley","PA"
"60043","11242","Fox Hollow","PA"
"86011","11884",NA,"PA"
"30481","11940",NA,"PA"
"66329","11317","Fox Hollow","PA"
"06601","11637","Liberty Meadows","PA"
"28476","11054","Fox Hollow","PA"
"22232","11194","Coppermill Valley","PA"
"90572","11161",NA,"PA"
"32489","11277",NA,"PA"
"55439","11147","Silverstone Ridge","PA"
"25605","11975",NA,"PA"
"44288","11557","Liberty Meadows","PA"
"16007","11134",NA,"PA"
"03802","11195",NA,"PA"
"54615","11602","Silverstone Ridge","PA"
"03632","11491",NA,"PA"
"38026","11377",NA,"PA"
"87836","11676","Fox Hollow","PA"
"64748","11074",NA,"PA"
"16648","11323",NA,"PA"
"29532","11260",NA,"PA"
"39728","11294",NA,"PA"
"78590","11079",NA,"PA"
"22253","11246","Liberty Meadows","PA"
"06502","11423",NA,"PA"
"03103","11450",NA,"PA"
"11372","11472","Silverstone Ridge","PA"
"38557","11756",NA,"PA"
"32411","11369",NA,"PA"
"11080","11013",NA,"PA"
"20992","11831","Silverstone Ridge","PA"
"20316","11095","Silverstone Ridge","PA"
"82216","11408","Silverstone Ridge","PA"
"09723","11326",NA,"PA"
"17194","11834",NA,"PA"
"84846","11670","Silverstone Ridge","PA"
"74827","11140",NA,"PA"
"86163","11858","Silverstone Ridge","PA"
"95938","11250","Silverstone Ridge","PA"
"51497","11809",NA,"PA"
"34565","11640",NA,"PA"
"83206","11233",NA,"PA"
"81105","11187",NA,"PA"
"41100","11812","Everwood Springs","PA"
"41570","11883",NA,"PA"
"87170","11386","Silverstone Ridge","PA"
"11722","11102","Silverstone Ridge","PA"
"63093","11188",NA,"PA"
"70619","11683",NA,"PA"
"62242","11937","Silverstone Ridge","PA"
"36008","11115","Coppermill Valley","PA"
"32798","11110","Everwood Springs","PA"
"71561","11696","Silverstone Ridge","PA"
"51264","11844","Silverstone Ridge","PA"
"59085","11321",NA,"PA"
"10075","11923",NA,"PA"
"62717","11418","Everwood Springs","PA"
"12781","11690",NA,"PA"
"75721","11551",NA,"PA"
"92592","11156","Liberty Meadows","PA"
"36904","11325",NA,"PA"
"78142","11943","Liberty Meadows","PA"
"80774","11413",NA,"PA"
"28438","11694",NA,"PA"
"85796","11021",NA,"PA"
"53937","11709",NA,"PA"
"34888","11524",NA,"PA"
"29782","11036",NA,"PA"
"02038","11861","Liberty Meadows","PA"
"70617","11964","Coppermill Valley","PA"
"71939","11232","Everwood Springs","PA"
"74922","11409",NA,"PA"
"51663","12019","Everwood Springs","NY"
"57870","12159",NA,"NY"
"02986","12684","Liberty Meadows","NY"
"29925","12494",NA,"NY"
"95246","12121",NA,"NY"
"68293","12621","Silverstone Ridge","NY"
"62555","12966",NA,"NY"
"45404","12154",NA,"NY"
"65161","12669","Silverstone Ridge","NY"
"46435","12295","Fox Hollow","NY"
"09642","12917",NA,"NY"
"59134","12697",NA,"NY"
"52132","12763",NA,"NY"
"96849","12373","Everwood Springs","NY"
"14183","12004",NA,"NY"
"15180","12522",NA,"NY"
"27168","12720",NA,"NY"
"89709","12951","Silverstone Ridge","NY"
"09097","12720",NA,"NY"
"30538","12035",NA,"NY"
"56219","12115",NA,"NY"
"94517","12883",NA,"NY"
"07989","12935",NA,"NY"
"13536","12542","Fox Hollow","NY"
"90077","12789","Liberty Meadows","NY"
"06216","12475",NA,"NY"
"83519","12550",NA,"NY"
"29394","12125",NA,"NY"
"53241","12765",NA,"NY"
"28825","12751",NA,"NY"
"00041","12386","Liberty Meadows","NY"
"14426","12046",NA,"NY"
"72820","12548","Coppermill Valley","NY"
"51656","12950","Fox Hollow","NY"
"94038","12266","Everwood Springs","NY"
"58527","12805","Silverstone Ridge","NY"
"77009","12684",NA,"NY"
"43042","12708","Coppermill Valley","NY"
"77837","12867","Silverstone Ridge","NY"
"06134","12647",NA,"NY"
"33523","12523",NA,"NY"
"21812","12630","Everwood Springs","NY"
"39895","12239",NA,"NY"
"09640","12898",NA,"NY"
"85278","12873",NA,"NY"
"09326","12781","Fox Hollow","NY"
"26510","12928",NA,"NY"
"20960","12907",NA,"NY"
"14403","12855","Silverstone Ridge","NY"
"64502","12296",NA,"NY"
"71503","12424",NA,"NY"
"45221","12379",NA,"NY"
"94335","12006","Fox Hollow","NY"
"92372","12517","Silverstone Ridge","NY"
"77585","12925",NA,"NY"
"80686","12489","Liberty Meadows","NY"
"70563","12489","Liberty Meadows","NY"
"32606","12357","Liberty Meadows","NY"
"16152","12176",NA,"NY"
"25559","12188",NA,"NY"
"14215","12705",NA,"NY"
"14287","12266","Liberty Meadows","NY"
"23194","12642","Everwood Springs","NY"
"90094","12355","Silverstone Ridge","NY"
"34976","12365",NA,"NY"
"14491","12959",NA,"NY"
"82949","12743",NA,"NY"
"77584","12461","Silverstone Ridge","NY"
"40503","12886",NA,"NY"
"34724","12220","Liberty Meadows","NY"
"86013","12399","Fox Hollow","NY"
"17369","12710","Coppermill Valley","NY"
"31542","12061","Liberty Meadows","NY"
"59106","12783","Coppermill Valley","NY"
"86605","12482","Silverstone Ridge","NY"
"40632","12945","Liberty Meadows","NY"
"96111","12419","Silverstone Ridge","NY"
"43204","12697","Everwood Springs","NY"
"37544","12818",NA,"NY"
"99289","12586","Liberty Meadows","NY"
"84427","12716","Liberty Meadows","NY"
"76820","12136",NA,"NY"
"82115","12136",NA,"NY"
"44196","12617","Fox Hollow","NY"
"92337","12132","Silverstone Ridge","NY"
"44983","12116","Liberty Meadows","NY"
"91438","12783",NA,"NY"
"36717","12849","Silverstone Ridge","NY"
"28078","12731","Fox Hollow","NY"
"69369","12674","Coppermill Valley","NY"
"91564","12155",NA,"NY"
"43406","12455","Fox Hollow","NY"
"41488","12475","Liberty Meadows","NY"
"47485","12525","Coppermill Valley","NY"
"63528","12392","Fox Hollow","NY"
"14536","12537","Silverstone Ridge","NY"
"83069","12960",NA,"NY"
"51465","12693",NA,"NY"
"26503","12896",NA,"NY"
"88299","12181",NA,"NY"
"32953","12118","Coppermill Valley","NY"
"00413","12282","Silverstone Ridge","NY"
"10762","12465","Liberty Meadows","NY"
"48182","12396",NA,"NY"
"30571","12813","Everwood Springs","NY"
"42521","12400",NA,"NY"
"74522","12138",NA,"NY"
"14745","12773","Liberty Meadows","NY"
"25946","12431","Silverstone Ridge","NY"
"80340","12262","Liberty Meadows","NY"
"43928","12661",NA,"NY"
"06601","12081",NA,"NY"
"57701","12282","Liberty Meadows","NY"
"53518","12357","Fox Hollow","NY"
"72326","12875","Fox Hollow","NY"
"52353","12351",NA,"NY"
"66154","12752",NA,"NY"
"47802","12844","Liberty Meadows","NY"
"31517","12989",NA,"NY"
"66075","12811",NA,"NY"
"32263","12280",NA,"NY"
"95989","12712",NA,"NY"
"69161","12577",NA,"NY"
"81118","12983",NA,"NY"
"56157","12931","Coppermill Valley","NY"
"19392","12318",NA,"NY"
"46137","12074",NA,"NY"
"67747","12156","Silverstone Ridge","NY"
"02286","12052",NA,"NY"
"59970","12151","Silverstone Ridge","NY"
"84298","12271","Everwood Springs","NY"
"54661","12167",NA,"NY"
"32281","12733",NA,"NY"
"64085","12823",NA,"NY"
"07826","12598","Liberty Meadows","NY"
"80287","12889",NA,"NY"
"89799","12912","Fox Hollow","NY"
"25449","12863","Coppermill Valley","NY"
"63405","12716",NA,"NY"
"76223","12788","Liberty Meadows","NY"
"64616","12585","Everwood Springs","NY"
"27455","12668",NA,"NY"
"54740","12771",NA,"NY"
"78173","12883",NA,"NY"
"20193","12301",NA,"NY"
"66701","12829","Liberty Meadows","NY"
"97201","12441",NA,"NY"
"22467","12572","Fox Hollow","NY"
"95362","12753","Silverstone Ridge","NY"
"63167","12251","Silverstone Ridge","NY"
"79225","12964","Silverstone Ridge","NY"
"63658","12714",NA,"NY"
"49862","12970","Fox Hollow","NY"
"84032","12773",NA,"NY"
"79331","12971","Coppermill Valley","NY"
"84955","12524",NA,"NY"
"51491","12133","Fox Hollow","NY"
"15703","12856","Silverstone Ridge","NY"
"06623","12062",NA,"NY"
"08983","12580","Liberty Meadows","NY"
"37769","12636","Fox Hollow","NY"
"29479","12354","Everwood Springs","NY"
"70943","12608","Everwood Springs","NY"
"98170","12193","Silverstone Ridge","NY"
"78121","12595",NA,"NY"
"86621","12907",NA,"NY"
"01835","12551",NA,"NY"
"42221","12029",NA,"NY"
"21099","12475","Fox Hollow","NY"
"41043","12472",NA,"NY"
"90978","12005","Fox Hollow","NY"
"56529","12962","Liberty Meadows","NY"
"36940","12425","Silverstone Ridge","NY"
"97455","12538","Fox Hollow","NY"
"76099","12284","Coppermill Valley","NY"
"38265","12815","Coppermill Valley","NY"
"76384","12582",NA,"NY"
"46438","12218","Everwood Springs","NY"
"75176","12220","Coppermill Valley","NY"
"88461","12838","Fox Hollow","NY"
"69350","12887","Silverstone Ridge","NY"
"08176","12251",NA,"NY"
"94119","12004",NA,"NY"
"76369","12192","Fox Hollow","NY"
"17746","12534","Coppermill Valley","NY"
"53873","12847",NA,"NY"
"29133","12774","Fox Hollow","NY"
"00031","12891","Coppermill Valley","NY"
"07588","12057","Liberty Meadows","NY"
"04620","12579","Liberty Meadows","NY"
"45980","12725","Everwood Springs","NY"
"68783","12381","Liberty Meadows","NY"
"51573","12586",NA,"NY"
"89552","12613",NA,"NY"
"70778","12217",NA,"NY"
"11667","12102","Fox Hollow","NY"
"33027","12092",NA,"NY"
"87905","12833","Coppermill Valley","NY"
"70945","12163","Everwood Springs","NY"
"91467","12808",NA,"NY"
"76792","12002","Everwood Springs","NY"
"89436","12686",NA,"NY"
"02450","12275","Silverstone Ridge","NY"
"44500","12858","Coppermill Valley","NY"
"01673","12289",NA,"NY"
"19851","12087","Liberty Meadows","NY"
"48434","12899","Everwood Springs","NY"
"83529","12677",NA,"NY"
"06007","12192","Liberty Meadows","NY"
"83680","12728","Silverstone Ridge","NY"
"55992","12829",NA,"NY"
"90779","12827","Coppermill Valley","NY"
"78967","12320","Liberty Meadows","NY"
"66596","12224","Liberty Meadows","NY"
"60906","12781",NA,"NY"
"78715","12585","Silverstone Ridge","NY"
"93289","12768",NA,"NY"
"46468","12785","Coppermill Valley","NY"
"01204","12974",NA,"NY"
"97653","12497","Fox Hollow","NY"
"53272","12369","Silverstone Ridge","NY"
"24111","12863","Liberty Meadows","NY"
"75455","12253",NA,"NY"
"43694","12949","Fox Hollow","NY"
"03984","12520",NA,"NY"
"07880","12677","Silverstone Ridge","NY"
"57722","12780","Silverstone Ridge","NY"
"22119","12340",NA,"NY"
"67632","12773","Fox Hollow","NY"
"86409","12504",NA,"NY"
"52523","12569",NA,"NY"
"53918","12818","Everwood Springs","NY"
"24522","12744",NA,"NY"
"06333","12179","Silverstone Ridge","NY"
"68430","12675",NA,"NY"
"90232","12133","Silverstone Ridge","NY"
"89419","12456",NA,"NY"
"55737","12108","Fox Hollow","NY"
"19955","12037",NA,"NY"
"55368","12695",NA,"NY"
"47818","12666","Liberty Meadows","NY"
"14417","12828","Coppermill Valley","NY"
"49286","12473","Fox Hollow","NY"
"92916","12367",NA,"NY"
"25244","12184","Coppermill Valley","NY"
"05596","12470","Everwood Springs","NY"
"40276","12543","Coppermill Valley","NY"
"60101","12374","Silverstone Ridge","NY"
"37167","12820","Fox Hollow","NY"
"69232","12905","Silverstone Ridge","NY"
"22974","12777","Silverstone Ridge","NY"
"52851","12693",NA,"NY"
"04913","12785",NA,"NY"
"10301","12361",NA,"NY"
"76908","12362","Everwood Springs","NY"
"99701","12920","Coppermill Valley","NY"
"18547","12357",NA,"NY"
"78774","12319",NA,"NY"
"29370","12957","Coppermill Valley","NY"
"46843","12459",NA,"NY"
"58102","12608","Silverstone Ridge","NY"
"36086","12976","Liberty Meadows","NY"
"76723","12750","Fox Hollow","NY"
"82171","12155","Everwood Springs","NY"
"09182","12284",NA,"NY"
"71848","12633",NA,"NY"
"88852","12223",NA,"NY"
"82585","12782","Coppermill Valley","NY"
"56519","12141","Fox Hollow","NY"
"24671","12815",NA,"NY"
"93648","12782",NA,"NY"
"34134","12231","Coppermill Valley","NY"
"47800","12223","Everwood Springs","NY"
"25196","12202","Everwood Springs","NY"
"65778","12349","Silverstone Ridge","NY"
"07071","12988",NA,"NY"
"40160","12521",NA,"NY"
"01498","12717",NA,"NY"
"57337","12590","Coppermill Valley","NY"
"60587","12816",NA,"NY"
"20698","12069","Everwood Springs","NY"
"65615","12602","Silverstone Ridge","NY"
"09723","12205","Coppermill Valley","NY"
"34599","12846",NA,"NY"
"04518","12456","Coppermill Valley","NY"
"62170","12583",NA,"NY"
"81882","12995",NA,"NY"
"04695","12827","Silverstone Ridge","NY"
"32102","12832","Coppermill Valley","NY"
"78889","12557","Fox Hollow","NY"
"81025","12825",NA,"NY"
"97142","12558",NA,"NY"
"74984","12589",NA,"NY"
"92556","12638","Everwood Springs","NY"
"53289","12953",NA,"NY"
"16436","12629","Coppermill Valley","NY"
"26691","12941","Liberty Meadows","NY"
"53705","12494","Everwood Springs","NY"
"42887","12978","Everwood Springs","NY"
"30237","12404",NA,"NY"
"66766","12992",NA,"NY"
"35556","12116",NA,"NY"
"32076","12171",NA,"NY"
"26715","12968",NA,"NY"
"18388","12879","Silverstone Ridge","NY"
"82526","12904","Fox Hollow","NY"
"23977","12143","Liberty Meadows","NY"
"68616","12353",NA,"NY"
"63481","12277",NA,"NY"
"31315","12178",NA,"NY"
"43755","12361",NA,"NY"
"45555","12748",NA,"NY"
"57943","12849","Fox Hollow","NY"
"74659","12493",NA,"NY"
"73799","12880",NA,"NY"
"20400","12698",NA,"NY"
"04972","12573","Coppermill Valley","NY"
"69045","12545",NA,"NY"
"37492","12317","Coppermill Valley","NY"
"06373","12757","Silverstone Ridge","NY"
"73396","12919","Silverstone Ridge","NY"
"82756","12454",NA,"NY"
"00602","12337","Fox Hollow","NY"
"74059","12284",NA,"NY"
"47606","12102",NA,"NY"
"28577","12132","Everwood Springs","NY"
"07877","12266",NA,"NY"
"58263","12925",NA,"NY"
"02777","12175",NA,"NY"
"30712","12471",NA,"NY"
"17749","12514","Liberty Meadows","NY"
"07488","12732","Silverstone Ridge","NY"
"76662","12903",NA,"NY"
"45430","12850","Everwood Springs","NY"
"09739","12041","Everwood Springs","NY"
"61775","12001",NA,"NY"
"19512","12267","Silverstone Ridge","NY"
"80143","12456",NA,"NY"
"49588","12370",NA,"NY"
"49753","12526","Silverstone Ridge","NY"
"90499","12008","Everwood Springs","NY"
"52292","12264","Silverstone Ridge","NY"
"38245","12711",NA,"NY"
"99046","12191",NA,"NY"
"04682","12063",NA,"NY"
"68957","12690","Silverstone Ridge","NY"
"37765","12904","Fox Hollow","NY"
"34827","12329",NA,"NY"
"86479","12166",NA,"NY"
"02748","12317","Silverstone Ridge","NY"
"56138","12944",NA,"NY"
"44859","12699","Fox Hollow","NY"
"51442","12362","Liberty Meadows","NY"
"78912","12549",NA,"NY"
"75936","12056",NA,"NY"
"57223","12381","Silverstone Ridge","NY"
"67089","12052","Liberty Meadows","NY"
"97664","12073","Everwood Springs","NY"
"27365","12128",NA,"NY"
"76141","12131","Coppermill Valley","NY"
"87938","12034",NA,"NY"
"19927","12099",NA,"NY"
"10216","12769","Everwood Springs","NY"
"02882","12635","Fox Hollow","NY"
"04015","12936","Liberty Meadows","NY"
"27913","12442",NA,"NY"
"29465","12131","Liberty Meadows","NY"
"09174","12096",NA,"NY"
"07657","12774","Liberty Meadows","NY"
"31351","12104",NA,"NY"
"68553","12719","Fox Hollow","NY"
"83192","12849","Fox Hollow","NY"
"42155","12991",NA,"NY"
"65995","12020","Coppermill Valley","NY"
"92999","12915","Silverstone Ridge","NY"
"10044","12146",NA,"NY"
"93926","12099","Liberty Meadows","NY"
"14666","12375","Silverstone Ridge","NY"
"26226","12912","Coppermill Valley","NY"
"54371","12861","Coppermill Valley","NY"
"91194","12651","Fox Hollow","NY"
"72668","12581","Fox Hollow","NY"
"38920","12204","Liberty Meadows","NY"
"96855","12835","Silverstone Ridge","NY"
"19360","12806","Silverstone Ridge","NY"
"94407","12292",NA,"NY"
"22344","12862","Coppermill Valley","NY"
"98763","12796",NA,"NY"
"42039","12311",NA,"NY"
"83836","12445",NA,"NY"
"51953","12021","Silverstone Ridge","NY"
"91407","12096",NA,"NY"
"86414","12127","Silverstone Ridge","NY"
"95387","12138",NA,"NY"
"36385","12788","Silverstone Ridge","NY"
"74075","12169","Everwood Springs","NY"
"36671","12303",NA,"NY"
"29343","12874",NA,"NY"
"47159","12542","Silverstone Ridge","NY"
"34162","12178",NA,"NY"
"70508","12331","Liberty Meadows","NY"
"66396","12284",NA,"NY"
"65053","12082",NA,"NY"
"83653","12763",NA,"NY"
"81490","12194",NA,"NY"
"76877","12021",NA,"NY"
"24243","12741",NA,"NY"
"74441","12613",NA,"NY"
"36829","12244","Liberty Meadows","NY"
"41218","12954",NA,"NY"
"67499","12695",NA,"NY"
"23294","12147",NA,"NY"
"76805","12911","Silverstone Ridge","NY"
"27103","12220",NA,"NY"
"83355","12088",NA,"NY"
"01923","12226","Silverstone Ridge","NY"
"31466","12170",NA,"NY"
"05178","12309",NA,"NY"
"08482","12724",NA,"NY"
"49618","12998",NA,"NY"
"78638","12247",NA,"NY"
"47695","12837","Silverstone Ridge","NY"
"48775","12146","Silverstone Ridge","NY"
"61449","12731",NA,"NY"
"43289","12809","Fox Hollow","NY"
"91176","12735",NA,"NY"
"81547","12587","Silverstone Ridge","NY"
"12636","12861","Liberty Meadows","NY"
"20547","12065",NA,"NY"
"69340","12007","Liberty Meadows","NY"
"37247","12046","Liberty Meadows","NY"
"37015","12488",NA,"NY"
"53719","12163","Liberty Meadows","NY"
"37208","12497",NA,"NY"
"18876","12013","Fox Hollow","NY"
"17017","12336","Silverstone Ridge","NY"
"26566","12380","Silverstone Ridge","NY"
"62506","12284","Liberty Meadows","NY"
"92120","12865","Everwood Springs","NY"
"74640","12997","Everwood Springs","NY"
"39264","12881",NA,"NY"
"60225","12264","Silverstone Ridge","NY"
"89914","12763",NA,"NY"
"55992","12051",NA,"NY"
"13763","12068",NA,"NY"
"79126","12620",NA,"NY"
"15828","12811",NA,"NY"
"04750","12696",NA,"NY"
"18807","12267","Silverstone Ridge","NY"
"91870","12010",NA,"NY"
"91570","12455","Coppermill Valley","NY"
"41609","12597",NA,"NY"
"13797","12881",NA,"NY"
"56767","12960","Coppermill Valley","NY"
"08848","12942","Silverstone Ridge","NY"
"38947","12117","Coppermill Valley","NY"
"50212","12203","Silverstone Ridge","NY"
"12791","12514",NA,"NY"
"07196","12077","Silverstone Ridge","NY"
"25245","12571","Everwood Springs","NY"
"58156","12125","Coppermill Valley","NY"
"64797","12665","Liberty Meadows","NY"
"75869","12663",NA,"NY"
"35533","12276","Coppermill Valley","NY"
"65463","12708",NA,"NY"
"98821","12291","Fox Hollow","NY"
"52572","12714","Liberty Meadows","NY"
"99750","12692",NA,"NY"
"02647","12513","Liberty Meadows","NY"
"80352","12340",NA,"NY"
"34796","12083","Everwood Springs","NY"
"83727","12167","Silverstone Ridge","NY"
"38582","12122",NA,"NY"
"68362","12508","Coppermill Valley","NY"
"85929","12295","Fox Hollow","NY"
"21086","12096","Liberty Meadows","NY"
"94388","12352",NA,"NY"
"18304","12487","Coppermill Valley","NY"
"02761","12063","Everwood Springs","NY"
"47651","12037","Liberty Meadows","NY"
"99007","12426",NA,"NY"
"00076","12059","Everwood Springs","NY"
"56753","12176",NA,"NY"
"16029","12799","Fox Hollow","NY"
"37853","12598","Silverstone Ridge","NY"
"40302","12187",NA,"NY"
"75133","12181",NA,"NY"
"04297","12341",NA,"NY"
"61429","12092","Liberty Meadows","NY"
"63754","12431","Liberty Meadows","NY"
"47529","12654",NA,"NY"
"37106","12762",NA,"NY"
"40838","12345","Everwood Springs","NY"
"91239","12929",NA,"NY"
"55888","12421","Liberty Meadows","NY"
"83618","12140",NA,"NY"
"99285","12596",NA,"NY"
"34490","12455","Everwood Springs","NY"
"55582","12860",NA,"NY"
"19879","12353","Everwood Springs","NY"
"37294","12617","Coppermill Valley","NY"
"31859","12623",NA,"NY"
"74482","12662",NA,"NY"
"06529","12023","Silverstone Ridge","NY"
"89521","12122",NA,"NY"
"15524","12471","Silverstone Ridge","NY"
"07053","12763","Liberty Meadows","NY"
"82255","12215","Everwood Springs","NY"
"02222","12489",NA,"NY"
"87671","12532","Liberty Meadows","NY"
"88940","12364",NA,"NY"
"90727","12522",NA,"NY"
"97700","12707",NA,"NY"
"20995","12393",NA,"NY"
"40459","12283","Silverstone Ridge","NY"
"11166","12843","Fox Hollow","NY"
"35046","12359","Silverstone Ridge","NY"
"95455","12785","Liberty Meadows","NY"
"16322","12836",NA,"NY"
"42611","12763","Everwood Springs","NY"
"39155","12860",NA,"NY"
"65854","12063",NA,"NY"
"01627","12124","Coppermill Valley","NY"
"96703","12223",NA,"NY"
"53391","12673",NA,"NY"
"32035","12555","Silverstone Ridge","NY"
"75938","12481",NA,"NY"
"28613","12862",NA,"NY"
"19586","12023","Fox Hollow","NY"
"11735","12357","Everwood Springs","NY"
"77589","12977",NA,"NY"
"53971","12296","Liberty Meadows","NY"
"40133","12785","Silverstone Ridge","NY"
"23248","12964","Liberty Meadows","NY"
"04968","12087","Liberty Meadows","NY"
"77872","12307","Everwood Springs","NY"
"56986","12535",NA,"NY"
"80931","12860",NA,"NY"
"44447","12528",NA,"NY"
"24728","12894","Everwood Springs","NY"
"52551","12140","Silverstone Ridge","NY"
"30541","12117",NA,"NY"
"15546","12630",NA,"NY"
"80653","12096",NA,"NY"
"98116","12822","Silverstone Ridge","NY"
"49689","12643","Fox Hollow","NY"
"62133","12903",NA,"NY"
"10550","12490",NA,"NY"
"86015","12259",NA,"NY"
"87576","12821",NA,"NY"
"61118","12916",NA,"NY"
"72047","12531","Liberty Meadows","NY"
"28535","12317","Everwood Springs","NY"
"19685","12132","Silverstone Ridge","NY"
"90544","12282","Everwood Springs","NY"
"56471","12392","Fox Hollow","NY"
"99374","12628",NA,"NY"
"40159","12945",NA,"NY"
"32661","12826","Everwood Springs","NY"
"49408","12911","Everwood Springs","NY"
"28999","12729",NA,"NY"
"17711","12713",NA,"NY"
"73171","12013","Silverstone Ridge","NY"
"47505","12117",NA,"NY"
"07789","12491","Liberty Meadows","NY"
"12447","12701",NA,"NY"
"74556","12750","Everwood Springs","NY"
"95877","12229","Liberty Meadows","NY"
"04298","12031",NA,"NY"
"25948","12555","Silverstone Ridge","NY"
"47534","12631","Everwood Springs","NY"
"65505","12895",NA,"NY"
"72884","12517",NA,"NY"
"68703","12024",NA,"NY"
"93017","12598","Coppermill Valley","NY"
"00756","12225",NA,"NY"
"13157","12758",NA,"NY"
"28676","12866","Liberty Meadows","NY"
"64750","12932","Everwood Springs","NY"
"80650","12187","Everwood Springs","NY"
"93955","12934",NA,"NY"
"14600","12325","Liberty Meadows","NY"
"27525","12603","Fox Hollow","NY"
"24934","12317","Coppermill Valley","NY"
"78082","12019",NA,"NY"
"00887","12780",NA,"NY"
"28360","12033","Everwood Springs","NY"
"00914","12458",NA,"NY"
"92958","12031","Fox Hollow","NY"
"14405","12804",NA,"NY"
"45533","12458",NA,"NY"
"92684","12143",NA,"NY"
"81921","12284","Fox Hollow","NY"
"80734","12740","Everwood Springs","NY"
"96754","12730","Liberty Meadows","NY"
"36234","12648","Liberty Meadows","NY"
"83712","12342","Silverstone Ridge","NY"
"93439","12814",NA,"NY"
"63967","12123","Fox Hollow","NY"
"05799","12700","Coppermill Valley","NY"
"91468","12072","Fox Hollow","NY"
"20874","12810",NA,"NY"
"84189","12838","Everwood Springs","NY"
"20474","12708",NA,"NY"
"14478","12811",NA,"NY"
"10943","12592","Silverstone Ridge","NY"
"01789","12103",NA,"NY"
"23506","12703","Liberty Meadows","NY"
"93970","12424","Silverstone Ridge","NY"
"32638","12223",NA,"NY"
"05483","12485",NA,"NY"
"72383","12474","Coppermill Valley","NY"
"41125","12942",NA,"NY"
"91154","12750","Coppermill Valley","NY"
"22849","12276","Fox Hollow","NY"
"58127","12519","Coppermill Valley","NY"
"38854","12713",NA,"NY"
"04961","12724",NA,"NY"
"77224","12949","Fox Hollow","NY"
"84796","12108",NA,"NY"
"73717","12011",NA,"NY"
"03004","12561","Coppermill Valley","NY"
"08390","12514",NA,"NY"
"30774","12253","Everwood Springs","NY"
"47868","12872","Liberty Meadows","NY"
"64790","12029","Liberty Meadows","NY"
"91311","12215","Liberty Meadows","NY"
"88178","12677",NA,"NY"
"15017","12341","Fox Hollow","NY"
"67101","12030",NA,"NY"
"50108","12436","Fox Hollow","NY"
"77784","12134","Everwood Springs","NY"
"33037","12703","Liberty Meadows","NY"
"58460","12311","Silverstone Ridge","NY"
"82412","12992","Everwood Springs","NY"
"52243","12931",NA,"NY"
"54335","12244","Silverstone Ridge","NY"
"61595","12027","Liberty Meadows","NY"
"72070","12462","Liberty Meadows","NY"
"47332","12553",NA,"NY"
"25082","12828","Silverstone Ridge","NY"
"99710","12032",NA,"NY"
"58012","12316",NA,"NY"
"51396","12084","Coppermill Valley","NY"
"02437","12854","Liberty Meadows","NY"
"26219","12004","Silverstone Ridge","NY"
"91129","12615","Everwood Springs","NY"
"18771","12179","Silverstone Ridge","NY"
"43025","12606",NA,"NY"
"41513","12424","Fox Hollow","NY"
"18671","12422",NA,"NY"
"21556","12162","Silverstone Ridge","NY"
"02315","12018","Fox Hollow","NY"
"39113","12598",NA,"NY"
"70995","12359",NA,"NY"
"57334","12291",NA,"NY"
"55241","12798",NA,"NY"
"42775","12515",NA,"NY"
"77841","12237",NA,"NY"
"71112","12840","Everwood Springs","NY"
"40332","12841",NA,"NY"
"04176","12288",NA,"NY"
"57247","12479","Everwood Springs","NY"
"61973","12542","Fox Hollow","NY"
"99134","12153","Coppermill Valley","NY"
"72732","12556","Silverstone Ridge","NY"
"90266","12275",NA,"NY"
"20570","12834","Coppermill Valley","NY"
"51114","12556","Silverstone Ridge","NY"
"78457","12615",NA,"NY"
"29278","12981",NA,"NY"
"39404","12018",NA,"NY"
"53042","12330",NA,"NY"
"00352","12307",NA,"NY"
"65920","12882","Liberty Meadows","NY"
"51260","12624",NA,"NY"
"24163","12047","Coppermill Valley","NY"
"40818","12303","Liberty Meadows","NY"
"32763","12387",NA,"NY"
"91819","12454",NA,"NY"
"61328","12688","Liberty Meadows","NY"
"01191","12183","Everwood Springs","NY"
"98032","12630","Fox Hollow","NY"
"22660","12940","Coppermill Valley","NY"
"59555","12287","Liberty Meadows","NY"
"39396","12687","Everwood Springs","NY"
"95542","12436","Fox Hollow","NY"
"82243","12097","Coppermill Valley","NY"
"30933","12701","Everwood Springs","NY"
"17832","12532","Everwood Springs","NY"
"40197","12838",NA,"NY"
"04588","12435","Coppermill Valley","NY"
"89671","12952","Liberty Meadows","NY"
"02304","12086",NA,"NY"
"21771","12372",NA,"NY"
"33442","12556",NA,"NY"
"68813","12172","Coppermill Valley","NY"
"99515","12570",NA,"NY"
"39150","12930","Everwood Springs","NY"
"45174","12582",NA,"NY"
"30536","12074","Everwood Springs","NY"
"29444","12874",NA,"NY"
"65839","12903",NA,"NY"
"92174","12107",NA,"NY"
"56987","12017","Fox Hollow","NY"
"57777","12296",NA,"NY"
"57766","12693",NA,"NY"
"32817","12165","Everwood Springs","NY"
"79173","12207","Everwood Springs","NY"
"20696","12977",NA,"NY"
"86160","12143",NA,"NY"
"51051","12429","Coppermill Valley","NY"
"31566","12817","Liberty Meadows","NY"
"50878","12337",NA,"NY"
"01003","12149","Fox Hollow","NY"
"80926","12670","Coppermill Valley","NY"
"84909","12164",NA,"NY"
"70212","12382","Everwood Springs","NY"
"37984","12950","Everwood Springs","NY"
"87509","12066","Liberty Meadows","NY"
"56785","12524","Silverstone Ridge","NY"
"14632","12283","Fox Hollow","NY"
"58085","12067",NA,"NY"
"53547","12787",NA,"NY"
"24226","12930","Fox Hollow","NY"
"09008","12536","Silverstone Ridge","NY"
"88320","12164",NA,"NY"
"74884","12411","Liberty Meadows","NY"
"81626","12846","Silverstone Ridge","NY"
"51417","12040","Silverstone Ridge","NY"
"25681","12177","Liberty Meadows","NY"
"39460","12085",NA,"NY"
"64935","12190","Silverstone Ridge","NY"
"48187","12150","Liberty Meadows","NY"
"36573","12994","Silverstone Ridge","NY"
"54047","12629",NA,"NY"
"17955","12727",NA,"NY"
"57137","12664","Liberty Meadows","NY"
"36091","12549",NA,"NY"
"40269","12867",NA,"NY"
"41194","12101","Silverstone Ridge","NY"
"05392","12548","Silverstone Ridge","NY"
"45030","12557",NA,"NY"
"09563","12443",NA,"NY"
"97416","12768","Everwood Springs","NY"
"32710","12630",NA,"NY"
"24790","12432",NA,"NY"
"70405","12845",NA,"NY"
"28650","12644",NA,"NY"
"02473","12191",NA,"NY"
"76085","12528",NA,"NY"
"52818","12234","Coppermill Valley","NY"
"18937","12376",NA,"NY"
"43801","12702","Silverstone Ridge","NY"
"82422","12407","Everwood Springs","NY"
"50036","12288",NA,"NY"
"83098","12791",NA,"NY"
"31072","12249","Liberty Meadows","NY"
"50814","12502",NA,"NY"
"10174","12453","Everwood Springs","NY"
"16021","12757",NA,"NY"
"13939","12755",NA,"NY"
"89105","12588",NA,"NY"
"68446","12481","Liberty Meadows","NY"
"57539","12634",NA,"NY"
"35544","12950","Silverstone Ridge","NY"
"42459","12851",NA,"NY"
"86615","12570","Liberty Meadows","NY"
"12334","12871","Liberty Meadows","NY"
"30092","12763","Everwood Springs","NY"
"13448","12232",NA,"NY"
"09046","12528","Silverstone Ridge","NY"
"95109","12428",NA,"NY"
"81997","12266",NA,"NY"
"10847","12315",NA,"NY"
"75796","12392","Liberty Meadows","NY"
"58552","12319","Coppermill Valley","NY"
"94933","12148","Everwood Springs","NY"
"09471","12530",NA,"NY"
"33714","12500","Liberty Meadows","NY"
"03649","12038",NA,"NY"
"80075","12231","Coppermill Valley","NY"
"17521","12896","Everwood Springs","NY"
"12530","12287","Fox Hollow","NY"
"15886","12290",NA,"NY"
"65768","12117",NA,"NY"
"94245","12945","Fox Hollow","NY"
"12893","12443","Silverstone Ridge","NY"
"81969","12475",NA,"NY"
"37856","12076","Liberty Meadows","NY"
"14610","12333",NA,"NY"
"48268","12028","Liberty Meadows","NY"
"62339","12690","Silverstone Ridge","NY"
"48814","12668","Liberty Meadows","NY"
"76991","12382","Everwood Springs","NY"
"78628","12684",NA,"NY"
"31389","12007",NA,"NY"
"06333","12746","Fox Hollow","NY"
"76202","12231",NA,"NY"
"73910","12605","Silverstone Ridge","NY"
"55791","12586",NA,"NY"
"54816","12840","Silverstone Ridge","NY"
"00674","12460","Liberty Meadows","NY"
"17674","12558","Everwood Springs","NY"
"61189","12032","Fox Hollow","NY"
"59857","12085",NA,"NY"
"26234","12095",NA,"NY"
"25855","12698","Silverstone Ridge","NY"
"68747","12147","Everwood Springs","NY"
"07103","12231","Coppermill Valley","NY"
"86201","12344","Silverstone Ridge","NY"
"85279","12585","Everwood Springs","NY"
"01762","12648",NA,"NY"
"27251","12610","Coppermill Valley","NY"
"69961","12730",NA,"NY"
"88698","12989","Everwood Springs","NY"
"63162","12041","Silverstone Ridge","NY"
"13344","12554","Liberty Meadows","NY"
"83956","12880",NA,"NY"
"97921","12295","Silverstone Ridge","NY"
"79943","12791",NA,"NY"
"01607","12667","Everwood Springs","NY"
"43391","12260","Everwood Springs","NY"
"14303","12290",NA,"NY"
"67147","12922","Coppermill Valley","NY"
"99873","12559",NA,"NY"
"61034","12192",NA,"NY"
"90361","12321","Everwood Springs","NY"
"09813","12711",NA,"NY"
"99314","12657",NA,"NY"
"77391","12127",NA,"NY"
"68807","12223",NA,"NY"
"72042","12427",NA,"NY"
"90928","12420",NA,"NY"
"46339","12228",NA,"NY"
"10557","12166",NA,"NY"
"19807","12852","Fox Hollow","NY"
"91903","12060","Liberty Meadows","NY"
"73691","12017",NA,"NY"
"46129","12704","Fox Hollow","NY"
"65308","12361",NA,"NY"
"28623","12750",NA,"NY"
"94953","12488","Coppermill Valley","NY"
"27955","12494",NA,"NY"
"03302","12059","Everwood Springs","NY"
"55209","12154","Silverstone Ridge","NY"
"51897","12593",NA,"NY"
"96062","12753","Everwood Springs","NY"
"01847","12032",NA,"NY"
"11276","12218","Liberty Meadows","NY"
"60972","12327","Silverstone Ridge","NY"
"08412","12325",NA,"NY"
"46971","12625",NA,"NY"
"66737","12669","Liberty Meadows","NY"
"46355","12344",NA,"NY"
"18535","12896",NA,"NY"
"07111","12277",NA,"NY"
"72300","12560",NA,"NY"
"41939","12341",NA,"NY"
"85560","12421","Coppermill Valley","NY"
"03366","12395",NA,"NY"
"66984","12753",NA,"NY"
"87078","12186",NA,"NY"
"12083","12480","Coppermill Valley","NY"
"56286","12727",NA,"NY"
"42481","12523","Silverstone Ridge","NY"
"96085","12087","Liberty Meadows","NY"
"81623","12484","Silverstone Ridge","NY"
"42868","12150",NA,"NY"
"63521","12092",NA,"NY"
"51186","12498",NA,"NY"
"18970","12785",NA,"NY"
"64687","12335",NA,"NY"
"49957","12546",NA,"NY"
"81019","12097","Coppermill Valley","NY"
"22312","12841","Silverstone Ridge","NY"
"64353","12291",NA,"NY"
"73796","12004","Fox Hollow","NY"
"66844","12246","Fox Hollow","NY"
"82487","12118",NA,"NY"
"20439","12553","Silverstone Ridge","NY"
"67538","12377","Everwood Springs","NY"
"29708","12331","Liberty Meadows","NY"
"03288","12467",NA,"NY"
"98520","12297","Liberty Meadows","NY"
"11159","12938","Silverstone Ridge","NY"
"72778","12272","Fox Hollow","NY"
"27644","12620",NA,"NY"
"81147","12525",NA,"NY"
"57436","12408",NA,"NY"
"40703","12854",NA,"NY"
"12467","12380",NA,"NY"
"86872","12461",NA,"NY"
"65864","12943","Coppermill Valley","NY"
"43474","12759",NA,"NY"
"38461","12772",NA,"NY"
"34622","12712",NA,"NY"
"45776","12894","Everwood Springs","NY"
"15127","12906","Everwood Springs","NY"
"05190","12383","Liberty Meadows","NY"
"13835","12037","Fox Hollow","NY"
"46988","12786","Everwood Springs","NY"
"04798","12078","Everwood Springs","NY"
"60389","12102","Coppermill Valley","NY"
"10247","12761","Silverstone Ridge","NY"
"70345","12150",NA,"NY"
"23948","12861","Everwood Springs","NY"
"95993","12915",NA,"NY"
"53980","12767","Silverstone Ridge","NY"
"47840","12120",NA,"NY"
"04343","12211",NA,"NY"
"81107","12434","Liberty Meadows","NY"
"27682","12806","Silverstone Ridge","NY"
"46776","12168",NA,"NY"
"58700","12135","Liberty Meadows","NY"
"82762","12351",NA,"NY"
"43536","12748","Liberty Meadows","NY"
"26818","12548",NA,"NY"
"30856","12780","Coppermill Valley","NY"
"16225","12625",NA,"NY"
"30552","12138",NA,"NY"
"00528","12744","Coppermill Valley","NY"
"90279","12700",NA,"NY"
"74686","12650",NA,"NY"
"00663","12975",NA,"NY"
"96403","12330","Everwood Springs","NY"
"65228","12605",NA,"NY"
"59056","12331","Coppermill Valley","NY"
"60043","12242","Fox Hollow","NY"
"86011","12884",NA,"NY"
"30481","12940",NA,"NY"
"66329","12317","Fox Hollow","NY"
"06601","12637","Liberty Meadows","NY"
"28476","12054","Fox Hollow","NY"
"22232","12194","Coppermill Valley","NY"
"90572","12161",NA,"NY"
"32489","12277",NA,"NY"
"55439","12147","Silverstone Ridge","NY"
"25605","12975",NA,"NY"
"44288","12557","Liberty Meadows","NY"
"16007","12134",NA,"NY"
"03802","12195",NA,"NY"
"54615","12602","Silverstone Ridge","NY"
"03632","12491",NA,"NY"
"38026","12377",NA,"NY"
"87836","12676","Fox Hollow","NY"
"64748","12074",NA,"NY"
"16648","12323",NA,"NY"
"29532","12260",NA,"NY"
"39728","12294",NA,"NY"
"78590","12079",NA,"NY"
"22253","12246","Liberty Meadows","NY"
"06502","12423",NA,"NY"
"03103","12450",NA,"NY"
"11372","12472","Silverstone Ridge","NY"
"38557","12756",NA,"NY"
"32411","12369",NA,"NY"
"11080","12013",NA,"NY"
"20992","12831","Silverstone Ridge","NY"
"20316","12095","Silverstone Ridge","NY"
"82216","12408","Silverstone Ridge","NY"
"09723","12326",NA,"NY"
"17194","12834",NA,"NY"
"84846","12670","Silverstone Ridge","NY"
"74827","12140",NA,"NY"
"86163","12858","Silverstone Ridge","NY"
"95938","12250","Silverstone Ridge","NY"
"51497","12809",NA,"NY"
"34565","12640",NA,"NY"
"83206","12233",NA,"NY"
"81105","12187",NA,"NY"
"41100","12812","Everwood Springs","NY"
"41570","12883",NA,"NY"
"87170","12386","Silverstone Ridge","NY"
"11722","12102","Silverstone Ridge","NY"
"63093","12188",NA,"NY"
"70619","12683",NA,"NY"
"62242","12937","Silverstone Ridge","NY"
"36008","12115","Coppermill Valley","NY"
"32798","12110","Everwood Springs","NY"
"71561","12696","Silverstone Ridge","NY"
"51264","12844","Silverstone Ridge","NY"
"59085","12321",NA,"NY"
"10075","12923",NA,"NY"
"62717","12418","Everwood Springs","NY"
"12781","12690",NA,"NY"
"75721","12551",NA,"NY"
"92592","12156","Liberty Meadows","NY"
"36904","12325",NA,"NY"
"78142","12943","Liberty Meadows","NY"
"80774","12413",NA,"NY"
"28438","12694",NA,"NY"
"85796","12021",NA,"NY"
"53937","12709",NA,"NY"
"34888","12524",NA,"NY"
"29782","12036",NA,"NY"
"02038","12861","Liberty Meadows","NY"
"70617","12964","Coppermill Valley","NY"
"71939","12232","Everwood Springs","NY"
"74922","12409",NA,"NY"
